Age,Sex,Job,Housing,Saving accounts,Checking account,Credit amount,Duration,Purpose,bedrock_description,bedrock_prediction,bedrock_confidence,bedrock_reasoning
67,male,2,own,,little,1169,6,radio/TV,"Descripción del cliente bancario:

Este cliente es un hombre de 67 años de edad. Según la información proporcionada, su ocupación se clasifica como ""Job 2"", lo cual sugiere que se trata de un trabajador con un empleo estable y una trayectoria laboral consolidada. 

En cuanto a su situación financiera y vivienda, el cliente es propietario de su propia vivienda, lo cual indica una cierta estabilidad y solvencia. Sin embargo, no se proporcionan detalles sobre sus cuentas de ahorro, por lo que no es posible determinar con precisión su nivel de ahorros. Por otro lado, se menciona que tiene una ""pequeña"" cuenta corriente, lo cual podría implicar que su liquidez a corto plazo es limitada.

En relación con la solicitud de crédito, el cliente solicita un préstamo por un monto de 1,169 unidades monetarias, con una duración de 6 meses, y cuyo propósito es la adquisición de un radio o televisor. Dado que el monto del crédito no es excesivamente alto y el plazo de devolución es relativamente corto, esto podría indicar que se trata de una solicitud razonable y acorde con las necesidades y capacidades financieras del cliente.

En resumen, este cliente bancario es un hombre de 67 años con un empleo estable, propietario de su vivienda, pero con una situación de liquidez a corto plazo que podría ser limitada. La solicitud de crédito parece ser moderada y acorde con sus necesidades, lo cual podría ser un factor positivo en la evaluación del riesgo crediticio.",good,0.8,"Basado en la información proporcionada, este cliente parece tener un perfil de riesgo crediticio relativamente bajo. Aunque no se tienen detalles sobre sus ahorros, el hecho de que sea propietario de su vivienda y tenga un empleo estable sugiere una cierta estabilidad financiera. Además, la solicitud de crédito no parece excesiva en términos de monto y plazo, lo cual indica que el cliente podría tener la capacidad de reembolsar el préstamo. Por lo tanto, se recomienda aprobar la solicitud de crédito de este cliente."
22,female,2,own,little,moderate,5951,48,radio/TV,"Descripción del cliente bancario:

Esta cliente es una mujer de 22 años de edad. Según la información proporcionada, se desempeña en un trabajo que se clasifica como el número 2 en la escala de ocupaciones. Esto sugiere que se trata de un empleo de nivel medio, con un ingreso regular y estable.

En cuanto a su situación financiera y vivienda, la cliente posee una pequeña cantidad de ahorros y una cuenta corriente con un saldo moderado. Esto indica que maneja sus finanzas de manera responsable, aunque no cuenta con un colchón financiero significativo. Además, la cliente es propietaria de su vivienda, lo cual es un factor positivo que demuestra cierta estabilidad y compromiso a largo plazo.

Con respecto a la solicitud de crédito, la cliente solicita un préstamo por un monto de $5,951 con una duración de 48 meses. El propósito del crédito es para la adquisición de un radio o televisión. Esta información sugiere que se trata de una solicitud de financiamiento para un bien de consumo, lo cual podría representar un riesgo moderado en términos de capacidad de pago a largo plazo.

En resumen, este perfil de cliente presenta una situación financiera y laboral estable, con algunos indicadores positivos como la propiedad de vivienda. Sin embargo, la solicitud de crédito para un bien de consumo y la limitada capacidad de ahorro podrían ser factores a considerar en la evaluación del riesgo crediticio. Se recomienda un análisis detallado de la capacidad de pago y la estabilidad del ingreso de la cliente para determinar la viabilidad de la solicitud de crédito.",good,0.7,"El perfil del cliente presenta algunos indicadores positivos, como la estabilidad laboral, la propiedad de vivienda y el manejo responsable de sus finanzas. Si bien la solicitud de crédito para un bien de consumo representa un riesgo moderado, la información proporcionada sugiere que la cliente tiene la capacidad de hacer frente a los pagos del préstamo. Por lo tanto, se recomienda aprobar la solicitud de crédito, pero con un seguimiento cercano de la evolución de su situación financiera."
49,male,1,own,little,,2096,12,education,"Descripción del cliente bancario:

Este cliente es un hombre de 49 años de edad que se desempeña en un trabajo estable. Su perfil demográfico y profesional lo ubica como un adulto de mediana edad con una carrera establecida. 

En cuanto a su situación financiera y vivienda, este cliente es propietario de su vivienda, lo cual indica una cierta estabilidad y arraigo. Sin embargo, sus ahorros se describen como ""poco"", lo que sugiere que podría tener un margen financiero limitado. Además, no se proporciona información sobre su cuenta corriente, lo cual podría ser un indicador adicional de su situación de liquidez.

Con respecto a la solicitud de crédito, este cliente solicita un préstamo por un monto de 2,096 unidades monetarias, con una duración de 12 meses, y con el propósito de financiar gastos educativos. Esta solicitud de crédito para fines educativos puede interpretarse como una inversión en su desarrollo personal y profesional, lo cual podría ser un factor positivo en la evaluación de su perfil crediticio.

En general, este cliente presenta un perfil mixto, con algunos aspectos positivos como la estabilidad laboral y la propiedad de vivienda, pero también algunas señales de posible limitación financiera. Un análisis más detallado de su historial crediticio y otros factores relevantes sería necesario para evaluar de manera integral su riesgo crediticio y la viabilidad de la solicitud de préstamo.",good,0.7,"El cliente presenta un perfil mixto con algunos aspectos positivos, como la estabilidad laboral y la propiedad de vivienda, que sugieren un riesgo crediticio moderado. Si bien la información sobre sus ahorros y cuenta corriente es limitada, el hecho de que solicite un préstamo para fines educativos indica una intención de inversión en su desarrollo personal y profesional, lo cual puede ser un factor favorable. Por lo tanto, se recomienda aprobar la solicitud de crédito, pero con un seguimiento cercano y posibles condiciones adicionales para mitigar el riesgo."
45,male,2,free,little,little,7882,42,furniture/equipment,"Descripción del cliente bancario:

Este cliente es un hombre de 45 años de edad que se desempeña en un trabajo de nivel medio. Su perfil demográfico y profesional lo ubica como un adulto en la etapa media de su vida laboral, con una edad y experiencia que pueden ser indicadores de estabilidad y madurez.

En cuanto a su situación financiera y vivienda, el cliente cuenta con ""poca"" actividad en sus cuentas de ahorro y cheques, lo que sugiere que maneja recursos de forma moderada. Además, vive en una vivienda sin costo de alquiler, lo cual puede ser un factor positivo en su capacidad de pago. Sin embargo, la limitada información sobre sus ahorros y saldos en cuentas bancarias genera cierta incertidumbre sobre su liquidez y hábitos de ahorro.

Con respecto a la solicitud de crédito, el cliente solicita un préstamo por un monto de $7,882 con una duración de 42 meses, y cuyo propósito es la adquisición de muebles o equipos. Esta solicitud de crédito, si bien no representa un monto excesivo, debe ser analizada cuidadosamente considerando la información financiera limitada proporcionada, a fin de evaluar adecuadamente su capacidad de pago y el riesgo crediticio asociado.

En resumen, este cliente presenta un perfil demográfico y profesional estable, pero su situación financiera y de vivienda genera cierta incertidumbre que debe ser evaluada con detenimiento durante el análisis de riesgo crediticio. La solicitud de crédito, si bien no es de gran magnitud, requiere un análisis exhaustivo para determinar la viabilidad de la operación.",good,0.7,"El cliente presenta un perfil demográfico y profesional estable, con 45 años de edad y un trabajo de nivel medio. Aunque su situación financiera muestra recursos limitados en cuentas de ahorro y cheques, el hecho de vivir en una vivienda sin costo de alquiler puede ser un factor positivo en su capacidad de pago. La solicitud de crédito por $7,882 a 42 meses para la adquisición de muebles o equipos no parece excesiva. Si bien la información financiera es limitada, el análisis general del perfil del cliente sugiere un riesgo crediticio moderado, por lo que se recomienda aprobar la solicitud."
53,male,2,free,little,little,4870,24,car,"Descripción del cliente bancario:

Este cliente es un hombre de 53 años de edad que se desempeña en un trabajo de nivel medio. Su perfil demográfico y profesional lo ubica como un adulto de mediana edad con una carrera establecida. 

En cuanto a su situación financiera y vivienda, el cliente cuenta con ahorros y una cuenta corriente limitados, lo que sugiere que su posición económica es modesta. Vive en una vivienda sin costo de alquiler, lo cual podría indicar que es propietario de su hogar o que reside en una propiedad familiar.

Con respecto a la solicitud de crédito, el cliente está solicitando un préstamo por un monto de $4,870 con una duración de 24 meses, y el propósito declarado es la compra de un automóvil. Dado su edad y su situación financiera relativamente ajustada, es importante evaluar cuidadosamente su capacidad de pago y la sostenibilidad de esta nueva obligación crediticia a mediano plazo.

En general, este perfil de cliente presenta algunos factores de riesgo que deben ser analizados en detalle, como su edad, sus ingresos y ahorros limitados, y el propósito del crédito solicitado. Un análisis exhaustivo de su historial crediticio, fuentes de ingresos y otros factores relevantes será crucial para determinar la viabilidad y el riesgo asociado a esta solicitud de préstamo.",bad,0.7,"El cliente presenta varios factores de riesgo que sugieren un alto riesgo crediticio. A pesar de tener 53 años y un trabajo estable, su situación financiera es modesta, con ahorros y cuenta corriente limitados. Además, la solicitud de un préstamo para la compra de un automóvil a su edad y con ingresos ajustados podría comprometer su capacidad de pago a mediano plazo. Por lo tanto, se recomienda rechazar la solicitud de crédito debido al alto riesgo asociado."
35,male,1,free,,,9055,36,education,"Descripción del cliente bancario:

Este cliente es un hombre de 35 años de edad. Según la información proporcionada, se dedica a un trabajo clasificado como ""Job 1"", lo cual sugiere que se trata de un empleo estable y de ingresos regulares. Su situación de vivienda se describe como ""free"", lo que indica que probablemente vive en una propiedad sin deudas hipotecarias.

En cuanto a su situación financiera, los datos muestran que no se proporcionaron detalles sobre sus cuentas de ahorro o corriente. Esta falta de información puede ser un indicador de que el cliente no tiene un historial bancario extenso o que prefiere mantener sus finanzas personales privadas. Sin embargo, el hecho de que solicite un crédito sugiere que cuenta con cierta estabilidad económica.

La solicitud de crédito realizada por este cliente es por un monto de 9,055 unidades y tiene una duración de 36 meses. El propósito declarado de este crédito es para ""educación"", lo que podría indicar que el cliente está buscando financiar algún tipo de programa de formación o capacitación. Esta información, junto con su perfil demográfico y profesional, será relevante para evaluar su capacidad de pago y el riesgo asociado a esta solicitud de crédito.

En general, este cliente presenta un perfil que merece una evaluación cuidadosa por parte del analista de crédito. Si bien faltan algunos detalles sobre su situación financiera, la información disponible sugiere que puede ser un solicitante potencialmente viable, siempre y cuando se realice un análisis exhaustivo de su capacidad de endeudamiento y de los riesgos asociados a su solicitud de crédito.",good,0.7,"El cliente presenta un perfil con algunos indicadores positivos, como su edad, empleo estable y propósito del crédito para educación. Sin embargo, la falta de información sobre sus cuentas bancarias y ahorros genera cierta incertidumbre. Por lo tanto, se recomienda aprobar el crédito, pero con un nivel de confianza moderado, ya que se requiere una evaluación más exhaustiva de su situación financiera."
53,male,2,own,quite rich,,2835,24,furniture/equipment,"Descripción del cliente bancario:

Este cliente es un hombre de 53 años de edad que se desempeña en un trabajo estable y bien remunerado. Su perfil demográfico y profesional lo ubica como un cliente maduro y con una trayectoria laboral consolidada.

En cuanto a su situación financiera, el cliente cuenta con ahorros considerables, lo que indica una buena capacidad de ahorro y una sólida posición económica. Además, el hecho de que sea propietario de su vivienda sugiere una estabilidad y arraigo en su entorno. Estos factores son positivos para el análisis de riesgo crediticio, pues denotan un perfil financiero solvente y responsable.

Con respecto a la solicitud de crédito, el cliente solicita un préstamo por un monto de $2,835 con una duración de 24 meses, y cuyo propósito es la adquisición de muebles y equipamiento. Esta solicitud se enmarca dentro de un contexto de estabilidad financiera y patrimonial, lo cual es favorable para la evaluación de la solicitud y la mitigación del riesgo de crédito.

En resumen, este cliente presenta un perfil demográfico y profesional sólido, una situación financiera y de vivienda estable, y una solicitud de crédito coherente con su capacidad de pago. Estos elementos son positivos para el análisis de riesgo crediticio y sugieren que el cliente cuenta con los recursos y la responsabilidad necesarios para hacer frente a sus obligaciones financieras.",good,0.9,"El cliente presenta un perfil demográfico y profesional sólido, una situación financiera y de vivienda estable, y una solicitud de crédito coherente con su capacidad de pago. Estos elementos indican un bajo riesgo crediticio, por lo que se recomienda aprobar la solicitud."
35,male,3,rent,little,moderate,6948,36,car,"Descripción del cliente bancario:

Este cliente es un hombre de 35 años de edad que se desempeña en un trabajo de nivel medio. Su perfil demográfico y profesional lo ubica como un adulto en la etapa media de su vida laboral, con un nivel de ingresos y estabilidad que se puede considerar promedio para su grupo etario y ocupación.

En cuanto a su situación financiera y vivienda, el cliente alquila su lugar de residencia y tiene un nivel moderado de ahorros en su cuenta bancaria, lo cual sugiere que maneja sus finanzas de manera responsable, pero sin contar con un colchón financiero significativo. Su solicitud de crédito por un monto de $6,948 a 36 meses plazo, indica que está buscando financiar la adquisición de un vehículo, probablemente para cubrir necesidades de movilidad relacionadas con su trabajo.

Desde la perspectiva del análisis de riesgo crediticio, este cliente presenta un perfil mixto. Por un lado, su edad, ocupación y manejo moderado de sus finanzas lo ubican como un solicitante con un riesgo crediticio promedio. Sin embargo, el hecho de que alquile su vivienda y tenga un nivel de ahorros limitado, puede ser un factor a considerar con cautela, ya que podría reflejar una menor estabilidad financiera a largo plazo. En general, se trata de un cliente que requiere una evaluación cuidadosa de su capacidad de pago y solvencia, pero que podría calificar para el crédito solicitado, siempre y cuando cumpla con los requisitos y políticas de la institución financiera.",good,0.7,"El cliente presenta un perfil de riesgo crediticio promedio. Si bien algunos factores como el alquiler de vivienda y el nivel moderado de ahorros pueden indicar una menor estabilidad financiera a largo plazo, su edad, ocupación y manejo responsable de sus finanzas lo ubican como un solicitante con un riesgo crediticio aceptable. Siempre y cuando cumpla con los requisitos y políticas de la institución, se recomienda aprobar el crédito solicitado."
61,male,1,own,rich,,3059,12,radio/TV,"Descripción del cliente bancario:

Este cliente es un hombre de 61 años de edad. Según la información proporcionada, se dedica a un trabajo que se clasifica como el tipo 1, lo cual sugiere que se trata de una ocupación estable y bien remunerada. 

En cuanto a su situación financiera, el cliente cuenta con una ""cuenta de ahorros rica"", lo que indica que tiene un buen nivel de ahorro y liquidez. Sin embargo, no se proporciona información sobre su cuenta corriente. En términos de vivienda, el cliente es propietario de su propia residencia, lo que denota cierta estabilidad y solvencia.

Con respecto a la solicitud de crédito, el cliente está solicitando un préstamo por un monto de 3,059 unidades monetarias, con una duración de 12 meses, y el propósito declarado es para la compra de un radio o televisor. Dado el monto relativamente bajo del crédito y el corto plazo de reembolso, este parece ser un préstamo de consumo de rutina, más que una solicitud de financiamiento de una inversión o proyecto a gran escala.

En general, el perfil de este cliente sugiere que se trata de un individuo con una situación financiera estable, con capacidad de ahorro y propietario de su vivienda. Estos factores, junto con la naturaleza del préstamo solicitado, indican que este cliente podría ser considerado como un solicitante de crédito de bajo riesgo.",good,0.8,"El cliente presenta un perfil financiero estable, con una situación laboral y de vivienda sólida, así como un buen nivel de ahorro. Además, la solicitud de crédito es de bajo monto y corto plazo, lo que sugiere un riesgo crediticio bajo. Por lo tanto, se recomienda aprobar la solicitud de crédito de este cliente."
28,male,3,own,little,moderate,5234,30,car,"Descripción del cliente bancario:

Este cliente es un hombre de 28 años de edad que se desempeña en un trabajo de nivel medio. Su perfil demográfico y profesional lo ubica como un adulto joven en una etapa temprana de su carrera. 

En cuanto a su situación financiera y vivienda, el cliente posee una pequeña cantidad de ahorros y una cuenta corriente con un saldo moderado. Esto sugiere que maneja sus finanzas de manera prudente, pero aún se encuentra en una posición financiera relativamente estable. Además, el hecho de que sea propietario de su vivienda indica que ha logrado cierta estabilidad y madurez en su vida.

Con respecto a la solicitud de crédito, el cliente está solicitando un préstamo por un monto de $5,234 con una duración de 30 meses, con el propósito de adquirir un vehículo. Esta solicitud de crédito para un bien de consumo duradero como un automóvil es común en esta etapa de la vida y puede ser considerada una inversión razonable para mejorar su movilidad y calidad de vida.

En general, el perfil de este cliente sugiere que se trata de un individuo responsable y con cierta estabilidad financiera, lo cual lo convierte en un solicitante de crédito potencialmente atractivo, siempre y cuando se realice un análisis más detallado de su historial crediticio y capacidad de pago.",good,0.8,"El cliente presenta un perfil financiero y demográfico relativamente estable, con un empleo de nivel medio, propietario de vivienda, y con ahorros y cuenta corriente moderados. Además, la solicitud de crédito para la adquisición de un vehículo es una inversión razonable en esta etapa de su vida. Aunque se requeriría un análisis más detallado de su historial crediticio, la información proporcionada sugiere que este cliente representa un riesgo crediticio bajo y se recomienda aprobar la solicitud de crédito."
